The Scorch Trials (Maze Runner, #2)
The Mistake (Off-Campus, #2)
Under the Tuscan Sun
One Flew Over the Cuckoo's Nest
Don't Judge a Girl by Her Cover (Gallagher Girls, #3)
Harry Potter and the Half-Blood Prince (Harry Potter, #6)
A Walk in the Woods
Fifty Shades of Grey (Fifty Shades, #1)
Safe Haven
Fang (Maximum Ride, #6)
The Naked Sun (Robot #2)
Last Train to Istanbul
Frankenstein
A Tree Grows in Brooklyn
The Final Empire (Mistborn, #1)
The Fellowship of the Ring (The Lord of the Rings, #1)
Lord of the Flies
The Lovely Bones
Twilight (Twilight, #1)
Harry Potter and the Goblet of Fire (Harry Potter, #4)
Harry Potter and the Deathly Hallows (Harry Potter, #7)
Thoughtless (Thoughtless, #1)
The Road
Three Cups of Tea: One Man's Mission to Promote Peace ... One School at a Time
The Giver (The Giver, #1)
The Hunt for Red October (Jack Ryan Universe, #4)
One Day
The Giving Tree
Charlotte's Web
Requiem (Delirium, #3)
Alexander and the Terrible, Horrible, No Good, Very Bad Day
Me Before You (Me Before You, #1)
The Fault in Our Stars
Little Bee
Angels & Demons  (Robert Langdon, #1)
Dad Is Fat
Gone with the Wind
The Time Machine
Water for Elephants
Tuesdays with Morrie
White Oleander
Killing Floor (Jack Reacher, #1)
Last to Die (Rizzoli & Isles, #10)
The Name of This Book Is Secret (Secret, #1)
The Woman in Cabin 10
The Amber Spyglass (His Dark Materials, #3)
The Space Between Us
30 Days of Night, Vol. 1
This Lullaby
Timebound (The Chronos Files, #1)
Gideon's Sword (Gideon Crew, #1)
The Guernsey Literary and Potato Peel Pie Society
The Diary of a Young Girl
Maid-sama! Vol. 01 (Maid-sama!, #1)
Breaking Dawn (Twilight, #4)
The Taming of the Shrew
A Fine Balance
Charlie and the Great Glass Elevator (Charlie Bucket, #2)
The Secret History
Anna and the French Kiss (Anna and the French Kiss, #1)
Peter and the Starcatchers (Peter and the Starcatchers, #1)
Much Ado About Nothing
The Perfect Play (Play by Play, #1)
What Is the What
The Goldfinch
The Lion, the Witch, and the Wardrobe (Chronicles of Narnia, #1)
The Count of Monte Cristo
Artemis Fowl (Artemis Fowl, #1)
The Lost Symbol (Robert Langdon, #3)
Animal Farm
The Last Battle (Chronicles of Narnia, #7)
Love the One You're With
Candide
P.S. I Love You
Invisible
The 101 Dalmatians (The Hundred and One Dalmatians, #1)
The Crying of Lot 49
Pippi Longstocking
Fahrenheit 451
Bad Feminist
The Statistical Probability of Love at First Sight
City of Bones (The Mortal Instruments, #1)
Paper Towns
Night (The Night Trilogy #1)
Room
Memoirs of a Geisha
Romeo and Juliet
Jane Eyre
Wonder
The Battle of the Labyrinth (Percy Jackson and the Olympians, #4)
A Short History of Nearly Everything
The Night Circus
The Clan of the Cave Bear (Earth's Children, #1)
Clockwork Prince (The Infernal Devices, #2)
Mere Christianity
Twilight: The Complete Illustrated Movie Companion
Watership Down (Watership Down, #1)
Divergent (Divergent, #1)
Marked (House of Night, #1)
Murder at the Vicarage (Miss Marple, #1)
Don Quixote
Hunted (House of Night, #5)
The Importance of Being Earnest
Fast Food Nation: The Dark Side of the All-American Meal
Dreams from My Father: A Story of Race and Inheritance
Where the Wild Things Are
Eldest (The Inheritance Cycle, #2)
The BFG
Desperation
Reaper Man (Discworld, #11; Death, #2)
The Firm (Penguin Readers, Level 5)
The Metamorphosis
Red Storm Rising
Orphan Train
Pride and Prejudice
Into the Wild
The Girl on the Train
A Heartbreaking Work of Staggering Genius
World War Z: An Oral History of the Zombie War
The Guardian
On Dublin Street (On Dublin Street, #1)
Lady Midnight (The Dark Artifices, #1)
Noughts & Crosses (Noughts & Crosses, #1)
Manhunt: The 12-Day Chase for Lincoln's Killer
The Zombie Survival Guide: Complete Protection from the Living Dead
Beautiful Creatures (Caster Chronicles, #1)
The Sisterhood of the Traveling Pants (Sisterhood, #1)
One Grave at a Time (Night Huntress, #6)
Stuart Little
Across the Universe (Across the Universe, #1)
The Bachman Books
Roll of Thunder, Hear My Cry (Logans, #4)
J.R.R. Tolkien 4-Book Boxed Set: The Hobbit and The Lord of the Rings
Diary
The Consolations of Philosophy
Lone Survivor: The Eyewitness Account of Operation Redwing and the Lost Heroes of SEAL Team 10
The Nanny Diaries (Nanny, #1)
The Titan's Curse (Percy Jackson and the Olympians, #3)
The Bourne Supremacy (Jason Bourne, #2)
The Passage (The Passage, #1)
Guns, Germs, and Steel: The Fates of Human Societies
White Noise
The Kite Runner
Holes (Holes, #1)
Anna Karenina
The Picture of Dorian Gray
The 21 Irrefutable Laws of Leadership: Follow Them and People Will Follow You
The Things They Carried
Fried Green Tomatoes at the Whistle Stop Cafe
Perfect Chemistry (Perfect Chemistry, #1)
Having a Mary Heart in a Martha World: Finding Intimacy With God in the Busyness of Life
Timeline
The Tender Bar
Speak
The Bane Chronicles
Big Magic: Creative Living Beyond Fear
Only Time Will Tell (The Clifton Chronicles, #1)
Singularity Sky (Eschaton, #1)
Bones of the Hills (Conqueror, #3)
The Adventures of Tom Sawyer
The Bell Jar
The Great Gatsby
Lock In (Lock In, #1)
Sarah's Key
Man's Search for Meaning
Choke
Sex and the City
Julie and Julia: 365 Days, 524 Recipes, 1 Tiny Apartment Kitchen: How One Girl Risked Her Marriage, Her Job, and Her Sanity to Master the Art of Living
The Stand
The Screwtape Letters
Legend (Legend, #1)
Pet Sematary
Me Talk Pretty One Day
The Wise Man's Fear (The Kingkiller Chronicle, #2)
The Secret Garden
Harold and the Purple Crayon
The Thorn Birds
The Hobbit: Graphic Novel
